{
  "status": 0,
  "result": [
    {
      "createdById": "0052w000000NvqyAAC",
      "createdByName": "Ashvin Jadhav",
      "createdDate": "2019-11-29T06:55:18.000Z",
      "fileName": "classes/ChangePasswordController.cls",
      "fullName": "ChangePasswordController",
      "id": "01p2w000001CiIoAAK",
      "lastModifiedById": "0052w000000NvqyAAC",
      "lastModifiedByName": "Ashvin Jadhav",
      "lastModifiedDate": "2019-12-21T17:49:47.000Z",
      "manageableState": "unmanaged",
      "type": "ApexClass"
    },
    {
      "createdById": "0052w000000NvqyAAC",
      "createdByName": "Ashvin Jadhav",
      "createdDate": "2021-03-09T11:28:04.000Z",
      "fileName": "classes/ContactAndLeadSearch.cls",
      "fullName": "ContactAndLeadSearch",
      "id": "01p2w00000Lv8UYAAZ",
      "lastModifiedById": "0052w000000NvqyAAC",
      "lastModifiedByName": "Ashvin Jadhav",
      "lastModifiedDate": "2021-03-09T11:28:07.000Z",
      "manageableState": "unmanaged",
      "type": "ApexClass"
    },
    {
      "createdById": "0052w000000NvqyAAC",
      "createdByName": "Ashvin Jadhav",
      "createdDate": "2019-11-29T07:13:00.000Z",
      "fileName": "classes/TestProductController.cls",
      "fullName": "TestProductController",
      "id": "01p2w000001CijYAAS",
      "lastModifiedById": "0052w000000NvqyAAC",
      "lastModifiedByName": "Ashvin Jadhav",
      "lastModifiedDate": "2019-12-21T17:49:47.000Z",
      "manageableState": "unmanaged",
      "type": "ApexClass"
    },
    {
      "createdById": "0052w000000zRzJAAU",
      "createdByName": "Trailhead Playground",
      "createdDate": "2019-11-29T06:39:13.000Z",
      "fileName": "classes/th_con_app__WelcomeFinderTests.cls",
      "fullName": "th_con_app__WelcomeFinderTests",
      "id": "01p2w000001vPKYAA2",
      "lastModifiedById": "0052w000000NvqyAAC",
      "lastModifiedByName": "Ashvin Jadhav",
      "lastModifiedDate": "2019-11-29T06:39:13.000Z",
      "manageableState": "installed",
      "namespacePrefix": "th_con_app",
      "type": "ApexClass"
    },
    {
      "createdById": "0052w000000NvqyAAC",
      "createdByName": "Ashvin Jadhav",
      "createdDate": "2019-11-29T07:12:59.000Z",
      "fileName": "classes/OrderController.cls",
      "fullName": "OrderController",
      "id": "01p2w000001CijTAAS",
      "lastModifiedById": "0052w000000NvqyAAC",
      "lastModifiedByName": "Ashvin Jadhav",
      "lastModifiedDate": "2019-12-21T17:49:47.000Z",
      "manageableState": "unmanaged",
      "type": "ApexClass"
    },
    {
      "createdById": "0052w000000NvqyAAC",
      "createdByName": "Ashvin Jadhav",
      "createdDate": "2019-11-29T06:55:19.000Z",
      "fileName": "classes/CommunitiesLoginControllerTest.cls",
      "fullName": "CommunitiesLoginControllerTest",
      "id": "01p2w000001CiIvAAK",
      "lastModifiedById": "0052w000000NvqyAAC",
      "lastModifiedByName": "Ashvin Jadhav",
      "lastModifiedDate": "2019-12-21T17:49:47.000Z",
      "manageableState": "unmanaged",
      "type": "ApexClass"
    },
    {
      "createdById": "0052w000000NvqyAAC",
      "createdByName": "Ashvin Jadhav",
      "createdDate": "2021-07-09T11:41:59.000Z",
      "fileName": "classes/ObjectPersmissionViewerController.cls",
      "fullName": "ObjectPersmissionViewerController",
      "id": "01p2w00000Mo1kIAAR",
      "lastModifiedById": "0052w000000NvqyAAC",
      "lastModifiedByName": "Ashvin Jadhav",
      "lastModifiedDate": "2021-07-09T13:09:13.000Z",
      "manageableState": "unmanaged",
      "type": "ApexClass"
    },
    {
      "createdById": "0052w000000NvqyAAC",
      "createdByName": "Ashvin Jadhav",
      "createdDate": "2021-01-20T06:45:48.000Z",
      "fileName": "classes/ContentVersionMigration.cls",
      "fullName": "ContentVersionMigration",
      "id": "01p2w00000MkRXsAAN",
      "lastModifiedById": "0052w000000NvqyAAC",
      "lastModifiedByName": "Ashvin Jadhav",
      "lastModifiedDate": "2021-01-27T13:51:17.000Z",
      "manageableState": "unmanaged",
      "type": "ApexClass"
    },
    {
      "createdById": "0052w000000NvqyAAC",
      "createdByName": "Ashvin Jadhav",
      "createdDate": "2020-08-07T11:27:24.000Z",
      "fileName": "classes/ContactController.cls",
      "fullName": "ContactController",
      "id": "01p2w00000FopfIAAR",
      "lastModifiedById": "0052w000000NvqyAAC",
      "lastModifiedByName": "Ashvin Jadhav",
      "lastModifiedDate": "2020-09-29T05:22:45.000Z",
      "manageableState": "unmanaged",
      "type": "ApexClass"
    },
    {
      "createdById": "0052w000000NvqyAAC",
      "createdByName": "Ashvin Jadhav",
      "createdDate": "2019-11-29T07:13:00.000Z",
      "fileName": "classes/ProductRecordInfoController.cls",
      "fullName": "ProductRecordInfoController",
      "id": "01p2w000001CijWAAS",
      "lastModifiedById": "0052w000000NvqyAAC",
      "lastModifiedByName": "Ashvin Jadhav",
      "lastModifiedDate": "2019-12-21T17:49:47.000Z",
      "manageableState": "unmanaged",
      "type": "ApexClass"
    },
    {
      "createdById": "0052w000000NvqyAAC",
      "createdByName": "Ashvin Jadhav",
      "createdDate": "2019-11-29T06:55:18.000Z",
      "fileName": "classes/MyProfilePageControllerTest.cls",
      "fullName": "MyProfilePageControllerTest",
      "id": "01p2w000001CiItAAK",
      "lastModifiedById": "0052w000000NvqyAAC",
      "lastModifiedByName": "Ashvin Jadhav",
      "lastModifiedDate": "2019-12-21T17:49:47.000Z",
      "manageableState": "unmanaged",
      "type": "ApexClass"
    },
    {
      "createdById": "0052w000000NvqyAAC",
      "createdByName": "Ashvin Jadhav",
      "createdDate": "2021-04-15T13:08:57.000Z",
      "fileName": "classes/AccounTriggertHelper.cls",
      "fullName": "AccounTriggertHelper",
      "id": "01p2w00000LvGiZAAV",
      "lastModifiedById": "0052w000000NvqyAAC",
      "lastModifiedByName": "Ashvin Jadhav",
      "lastModifiedDate": "2021-06-28T08:59:49.000Z",
      "manageableState": "unmanaged",
      "type": "ApexClass"
    },
    {
      "createdById": "0052w000000NvqyAAC",
      "createdByName": "Ashvin Jadhav",
      "createdDate": "2019-11-29T06:55:18.000Z",
      "fileName": "classes/MyProfilePageController.cls",
      "fullName": "MyProfilePageController",
      "id": "01p2w000001CiIsAAK",
      "lastModifiedById": "0052w000000NvqyAAC",
      "lastModifiedByName": "Ashvin Jadhav",
      "lastModifiedDate": "2019-12-21T17:49:47.000Z",
      "manageableState": "unmanaged",
      "type": "ApexClass"
    },
    {
      "createdById": "0052w000000NvqyAAC",
      "createdByName": "Ashvin Jadhav",
      "createdDate": "2021-06-22T06:30:11.000Z",
      "fileName": "classes/AccountTriggerHandler.cls",
      "fullName": "AccountTriggerHandler",
      "id": "01p2w00000LvROMAA3",
      "lastModifiedById": "0052w000000NvqyAAC",
      "lastModifiedByName": "Ashvin Jadhav",
      "lastModifiedDate": "2021-06-22T06:30:15.000Z",
      "manageableState": "unmanaged",
      "type": "ApexClass"
    },
    {
      "createdById": "0052w000000NvqyAAC",
      "createdByName": "Ashvin Jadhav",
      "createdDate": "2020-10-12T11:05:09.000Z",
      "fileName": "classes/MyPropertyController.cls",
      "fullName": "MyPropertyController",
      "id": "01p2w00000LXRs8AAH",
      "lastModifiedById": "0052w000000NvqyAAC",
      "lastModifiedByName": "Ashvin Jadhav",
      "lastModifiedDate": "2020-10-12T16:49:26.000Z",
      "manageableState": "unmanaged",
      "type": "ApexClass"
    },
    {
      "createdById": "0052w000000NvqyAAC",
      "createdByName": "Ashvin Jadhav",
      "createdDate": "2020-10-12T10:27:13.000Z",
      "fileName": "classes/DreamHouseSampleDataController.cls",
      "fullName": "DreamHouseSampleDataController",
      "id": "01p2w00000LXMhKAAX",
      "lastModifiedById": "0052w000000NvqyAAC",
      "lastModifiedByName": "Ashvin Jadhav",
      "lastModifiedDate": "2020-10-12T10:27:13.000Z",
      "manageableState": "unmanaged",
      "type": "ApexClass"
    },
    {
      "createdById": "0052w000000NvqyAAC",
      "createdByName": "Ashvin Jadhav",
      "createdDate": "2019-11-29T06:55:18.000Z",
      "fileName": "classes/SiteLoginControllerTest.cls",
      "fullName": "SiteLoginControllerTest",
      "id": "01p2w000001CiIlAAK",
      "lastModifiedById": "0052w000000NvqyAAC",
      "lastModifiedByName": "Ashvin Jadhav",
      "lastModifiedDate": "2019-12-21T17:49:47.000Z",
      "manageableState": "unmanaged",
      "type": "ApexClass"
    },
    {
      "createdById": "0052w000000NvqyAAC",
      "createdByName": "Ashvin Jadhav",
      "createdDate": "2021-03-18T08:40:07.000Z",
      "fileName": "classes/sendTestEmail.cls",
      "fullName": "sendTestEmail",
      "id": "01p2w00000LvB3HAAV",
      "lastModifiedById": "0052w000000NvqyAAC",
      "lastModifiedByName": "Ashvin Jadhav",
      "lastModifiedDate": "2021-03-18T08:40:10.000Z",
      "manageableState": "unmanaged",
      "type": "ApexClass"
    },
    {
      "createdById": "0052w000000NvqyAAC",
      "createdByName": "Ashvin Jadhav",
      "createdDate": "2019-11-29T07:13:00.000Z",
      "fileName": "classes/TestOrderController.cls",
      "fullName": "TestOrderController",
      "id": "01p2w000001CijXAAS",
      "lastModifiedById": "0052w000000NvqyAAC",
      "lastModifiedByName": "Ashvin Jadhav",
      "lastModifiedDate": "2019-12-21T17:49:47.000Z",
      "manageableState": "unmanaged",
      "type": "ApexClass"
    },
    {
      "createdById": "0052w000000zRzJAAU",
      "createdByName": "Trailhead Playground",
      "createdDate": "2019-11-29T06:39:13.000Z",
      "fileName": "classes/th_con_app__PlaygroundInstaller.cls",
      "fullName": "th_con_app__PlaygroundInstaller",
      "id": "01p2w000001vPKZAA2",
      "lastModifiedById": "0052w000000zRzJAAU",
      "lastModifiedByName": "Trailhead Playground",
      "lastModifiedDate": "2019-11-29T06:39:13.000Z",
      "manageableState": "installed",
      "namespacePrefix": "th_con_app",
      "type": "ApexClass"
    },
    {
      "createdById": "0052w000000NvqyAAC",
      "createdByName": "Ashvin Jadhav",
      "createdDate": "2019-11-29T07:12:59.000Z",
      "fileName": "classes/HeroDetailsPositionCustomPicklist.cls",
      "fullName": "HeroDetailsPositionCustomPicklist",
      "id": "01p2w000001CijSAAS",
      "lastModifiedById": "0052w000000NvqyAAC",
      "lastModifiedByName": "Ashvin Jadhav",
      "lastModifiedDate": "2019-12-21T17:49:47.000Z",
      "manageableState": "unmanaged",
      "type": "ApexClass"
    },
    {
      "createdById": "0052w000000NvqyAAC",
      "createdByName": "Ashvin Jadhav",
      "createdDate": "2019-11-29T06:55:19.000Z",
      "fileName": "classes/CommunitiesLoginController.cls",
      "fullName": "CommunitiesLoginController",
      "id": "01p2w000001CiIuAAK",
      "lastModifiedById": "0052w000000NvqyAAC",
      "lastModifiedByName": "Ashvin Jadhav",
      "lastModifiedDate": "2019-12-21T17:49:47.000Z",
      "manageableState": "unmanaged",
      "type": "ApexClass"
    },
    {
      "createdById": "0052w000000NvqyAAC",
      "createdByName": "Ashvin Jadhav",
      "createdDate": "2019-11-29T07:13:00.000Z",
      "fileName": "classes/ProductController.cls",
      "fullName": "ProductController",
      "id": "01p2w000001CijVAAS",
      "lastModifiedById": "0052w000000NvqyAAC",
      "lastModifiedByName": "Ashvin Jadhav",
      "lastModifiedDate": "2019-12-21T17:49:47.000Z",
      "manageableState": "unmanaged",
      "type": "ApexClass"
    },
    {
      "createdById": "0052w000000NvqyAAC",
      "createdByName": "Ashvin Jadhav",
      "createdDate": "2019-11-29T06:55:19.000Z",
      "fileName": "classes/CommunitiesLandingControllerTest.cls",
      "fullName": "CommunitiesLandingControllerTest",
      "id": "01p2w000001CiIxAAK",
      "lastModifiedById": "0052w000000NvqyAAC",
      "lastModifiedByName": "Ashvin Jadhav",
      "lastModifiedDate": "2019-12-21T17:49:47.000Z",
      "manageableState": "unmanaged",
      "type": "ApexClass"
    },
    {
      "createdById": "0052w000000NvqyAAC",
      "createdByName": "Ashvin Jadhav",
      "createdDate": "2020-10-09T11:06:33.000Z",
      "fileName": "classes/CampingListController.cls",
      "fullName": "CampingListController",
      "id": "01p2w00000LIrgPAAT",
      "lastModifiedById": "0052w000000NvqyAAC",
      "lastModifiedByName": "Ashvin Jadhav",
      "lastModifiedDate": "2020-10-09T11:56:15.000Z",
      "manageableState": "unmanaged",
      "type": "ApexClass"
    },
    {
      "createdById": "0052w000000NvqyAAC",
      "createdByName": "Ashvin Jadhav",
      "createdDate": "2019-11-29T07:13:00.000Z",
      "fileName": "classes/PagedResult.cls",
      "fullName": "PagedResult",
      "id": "01p2w000001CijUAAS",
      "lastModifiedById": "0052w000000NvqyAAC",
      "lastModifiedByName": "Ashvin Jadhav",
      "lastModifiedDate": "2019-12-21T17:49:47.000Z",
      "manageableState": "unmanaged",
      "type": "ApexClass"
    },
    {
      "createdById": "0052w000000NvqyAAC",
      "createdByName": "Ashvin Jadhav",
      "createdDate": "2021-04-15T06:50:35.000Z",
      "fileName": "classes/testJSON.cls",
      "fullName": "testJSON",
      "id": "01p2w00000LvGe8AAF",
      "lastModifiedById": "0052w000000NvqyAAC",
      "lastModifiedByName": "Ashvin Jadhav",
      "lastModifiedDate": "2021-04-15T07:28:34.000Z",
      "manageableState": "unmanaged",
      "type": "ApexClass"
    },
    {
      "createdById": "0052w000000NvqyAAC",
      "createdByName": "Ashvin Jadhav",
      "createdDate": "2019-11-29T06:55:18.000Z",
      "fileName": "classes/SiteRegisterControllerTest.cls",
      "fullName": "SiteRegisterControllerTest",
      "id": "01p2w000001CiInAAK",
      "lastModifiedById": "0052w000000NvqyAAC",
      "lastModifiedByName": "Ashvin Jadhav",
      "lastModifiedDate": "2019-12-21T17:49:47.000Z",
      "manageableState": "unmanaged",
      "type": "ApexClass"
    },
    {
      "createdById": "0052w000000NvqyAAC",
      "createdByName": "Ashvin Jadhav",
      "createdDate": "2019-11-29T06:55:20.000Z",
      "fileName": "classes/LightningLoginFormController.cls",
      "fullName": "LightningLoginFormController",
      "id": "01p2w000001CiJ4AAK",
      "lastModifiedById": "0052w000000NvqyAAC",
      "lastModifiedByName": "Ashvin Jadhav",
      "lastModifiedDate": "2019-12-21T17:49:47.000Z",
      "manageableState": "unmanaged",
      "type": "ApexClass"
    },
    {
      "createdById": "0052w000000NvqyAAC",
      "createdByName": "Ashvin Jadhav",
      "createdDate": "2020-10-12T10:27:13.000Z",
      "fileName": "classes/GetPropertiesApexController.cls",
      "fullName": "GetPropertiesApexController",
      "id": "01p2w00000LXMhNAAX",
      "lastModifiedById": "0052w000000NvqyAAC",
      "lastModifiedByName": "Ashvin Jadhav",
      "lastModifiedDate": "2020-10-12T10:27:13.000Z",
      "manageableState": "unmanaged",
      "type": "ApexClass"
    },
    {
      "createdById": "0052w000000zRzJAAU",
      "createdByName": "Trailhead Playground",
      "createdDate": "2019-11-29T06:39:13.000Z",
      "fileName": "classes/th_con_app__PlaygroundInstallerTests.cls",
      "fullName": "th_con_app__PlaygroundInstallerTests",
      "id": "01p2w000001vPKaAAM",
      "lastModifiedById": "0052w000000zRzJAAU",
      "lastModifiedByName": "Trailhead Playground",
      "lastModifiedDate": "2019-11-29T06:39:13.000Z",
      "manageableState": "installed",
      "namespacePrefix": "th_con_app",
      "type": "ApexClass"
    },
    {
      "createdById": "0052w000000NvqyAAC",
      "createdByName": "Ashvin Jadhav",
      "createdDate": "2020-10-12T10:27:13.000Z",
      "fileName": "classes/DreamhouseProspects.cls",
      "fullName": "DreamhouseProspects",
      "id": "01p2w00000LXMhLAAX",
      "lastModifiedById": "0052w000000NvqyAAC",
      "lastModifiedByName": "Ashvin Jadhav",
      "lastModifiedDate": "2020-10-12T10:27:13.000Z",
      "manageableState": "unmanaged",
      "type": "ApexClass"
    },
    {
      "createdById": "0052w000000NvqyAAC",
      "createdByName": "Ashvin Jadhav",
      "createdDate": "2019-11-29T06:55:20.000Z",
      "fileName": "classes/LightningForgotPasswordController.cls",
      "fullName": "LightningForgotPasswordController",
      "id": "01p2w000001CiJ3AAK",
      "lastModifiedById": "0052w000000NvqyAAC",
      "lastModifiedByName": "Ashvin Jadhav",
      "lastModifiedDate": "2019-12-21T17:49:47.000Z",
      "manageableState": "unmanaged",
      "type": "ApexClass"
    },
    {
      "createdById": "0052w000000NvqyAAC",
      "createdByName": "Ashvin Jadhav",
      "createdDate": "2019-11-29T06:55:19.000Z",
      "fileName": "classes/CommunitiesSelfRegConfirmControllerTest.cls",
      "fullName": "CommunitiesSelfRegConfirmControllerTest",
      "id": "01p2w000001CiJ1AAK",
      "lastModifiedById": "0052w000000NvqyAAC",
      "lastModifiedByName": "Ashvin Jadhav",
      "lastModifiedDate": "2019-12-21T17:49:47.000Z",
      "manageableState": "unmanaged",
      "type": "ApexClass"
    },
    {
      "createdById": "0052w000000NvqyAAC",
      "createdByName": "Ashvin Jadhav",
      "createdDate": "2019-12-30T05:25:36.000Z",
      "fileName": "classes/BearController.cls",
      "fullName": "BearController",
      "id": "01p2w000004B1fAAAS",
      "lastModifiedById": "0052w000000NvqyAAC",
      "lastModifiedByName": "Ashvin Jadhav",
      "lastModifiedDate": "2019-12-30T10:20:34.000Z",
      "manageableState": "unmanaged",
      "type": "ApexClass"
    },
    {
      "createdById": "0052w000000NvqyAAC",
      "createdByName": "Ashvin Jadhav",
      "createdDate": "2019-11-29T06:55:18.000Z",
      "fileName": "classes/SiteRegisterController.cls",
      "fullName": "SiteRegisterController",
      "id": "01p2w000001CiImAAK",
      "lastModifiedById": "0052w000000NvqyAAC",
      "lastModifiedByName": "Ashvin Jadhav",
      "lastModifiedDate": "2019-12-21T17:49:47.000Z",
      "manageableState": "unmanaged",
      "type": "ApexClass"
    },
    {
      "createdById": "0052w000000NvqyAAC",
      "createdByName": "Ashvin Jadhav",
      "createdDate": "2019-11-29T06:55:19.000Z",
      "fileName": "classes/CommunitiesSelfRegControllerTest.cls",
      "fullName": "CommunitiesSelfRegControllerTest",
      "id": "01p2w000001CiIzAAK",
      "lastModifiedById": "0052w000000NvqyAAC",
      "lastModifiedByName": "Ashvin Jadhav",
      "lastModifiedDate": "2019-12-21T17:49:47.000Z",
      "manageableState": "unmanaged",
      "type": "ApexClass"
    },
    {
      "createdById": "0052w000000NvqyAAC",
      "createdByName": "Ashvin Jadhav",
      "createdDate": "2019-11-29T06:55:20.000Z",
      "fileName": "classes/LightningLoginFormControllerTest.cls",
      "fullName": "LightningLoginFormControllerTest",
      "id": "01p2w000001CiJ5AAK",
      "lastModifiedById": "0052w000000NvqyAAC",
      "lastModifiedByName": "Ashvin Jadhav",
      "lastModifiedDate": "2019-12-21T17:49:47.000Z",
      "manageableState": "unmanaged",
      "type": "ApexClass"
    },
    {
      "createdById": "0052w000000NvqyAAC",
      "createdByName": "Ashvin Jadhav",
      "createdDate": "2019-11-29T06:55:19.000Z",
      "fileName": "classes/CommunitiesLandingController.cls",
      "fullName": "CommunitiesLandingController",
      "id": "01p2w000001CiIwAAK",
      "lastModifiedById": "0052w000000NvqyAAC",
      "lastModifiedByName": "Ashvin Jadhav",
      "lastModifiedDate": "2019-12-21T17:49:47.000Z",
      "manageableState": "unmanaged",
      "type": "ApexClass"
    },
    {
      "createdById": "0052w000000NvqyAAC",
      "createdByName": "Ashvin Jadhav",
      "createdDate": "2021-08-25T06:22:39.000Z",
      "fileName": "classes/SearchController.cls",
      "fullName": "SearchController",
      "id": "01p2w00000LgQy7AAF",
      "lastModifiedById": "0052w000000NvqyAAC",
      "lastModifiedByName": "Ashvin Jadhav",
      "lastModifiedDate": "2021-08-25T06:22:39.000Z",
      "manageableState": "unmanaged",
      "type": "ApexClass"
    },
    {
      "createdById": "0052w000000NvqyAAC",
      "createdByName": "Ashvin Jadhav",
      "createdDate": "2019-11-29T06:55:19.000Z",
      "fileName": "classes/CommunitiesSelfRegController.cls",
      "fullName": "CommunitiesSelfRegController",
      "id": "01p2w000001CiIyAAK",
      "lastModifiedById": "0052w000000NvqyAAC",
      "lastModifiedByName": "Ashvin Jadhav",
      "lastModifiedDate": "2019-12-21T17:49:47.000Z",
      "manageableState": "unmanaged",
      "type": "ApexClass"
    },
    {
      "createdById": "0052w000000NvqyAAC",
      "createdByName": "Ashvin Jadhav",
      "createdDate": "2021-06-28T10:45:00.000Z",
      "fileName": "classes/AccounTriggertHelperTest.cls",
      "fullName": "AccounTriggertHelperTest",
      "id": "01p2w00000LvSV4AAN",
      "lastModifiedById": "0052w000000NvqyAAC",
      "lastModifiedByName": "Ashvin Jadhav",
      "lastModifiedDate": "2021-06-28T11:23:55.000Z",
      "manageableState": "unmanaged",
      "type": "ApexClass"
    },
    {
      "createdById": "0052w000000NvqyAAC",
      "createdByName": "Ashvin Jadhav",
      "createdDate": "2019-11-29T06:55:20.000Z",
      "fileName": "classes/LightningSelfRegisterControllerTest.cls",
      "fullName": "LightningSelfRegisterControllerTest",
      "id": "01p2w000001CiJ7AAK",
      "lastModifiedById": "0052w000000NvqyAAC",
      "lastModifiedByName": "Ashvin Jadhav",
      "lastModifiedDate": "2019-12-21T17:49:47.000Z",
      "manageableState": "unmanaged",
      "type": "ApexClass"
    },
    {
      "createdById": "0052w000000NvqyAAC",
      "createdByName": "Ashvin Jadhav",
      "createdDate": "2019-11-29T06:55:20.000Z",
      "fileName": "classes/LightningSelfRegisterController.cls",
      "fullName": "LightningSelfRegisterController",
      "id": "01p2w000001CiJ2AAK",
      "lastModifiedById": "0052w000000NvqyAAC",
      "lastModifiedByName": "Ashvin Jadhav",
      "lastModifiedDate": "2019-12-21T17:49:47.000Z",
      "manageableState": "unmanaged",
      "type": "ApexClass"
    },
    {
      "createdById": "0052w000000NvqyAAC",
      "createdByName": "Ashvin Jadhav",
      "createdDate": "2020-09-03T06:14:27.000Z",
      "fileName": "classes/ExpensesController.cls",
      "fullName": "ExpensesController",
      "id": "01p2w00000I6DCNAA3",
      "lastModifiedById": "0052w000000NvqyAAC",
      "lastModifiedByName": "Ashvin Jadhav",
      "lastModifiedDate": "2020-10-09T10:50:19.000Z",
      "manageableState": "unmanaged",
      "type": "ApexClass"
    },
    {
      "createdById": "0052w000000NvqyAAC",
      "createdByName": "Ashvin Jadhav",
      "createdDate": "2019-11-29T06:55:18.000Z",
      "fileName": "classes/SiteLoginController.cls",
      "fullName": "SiteLoginController",
      "id": "01p2w000001CiIkAAK",
      "lastModifiedById": "0052w000000NvqyAAC",
      "lastModifiedByName": "Ashvin Jadhav",
      "lastModifiedDate": "2019-12-21T17:49:47.000Z",
      "manageableState": "unmanaged",
      "type": "ApexClass"
    },
    {
      "createdById": "0052w000000NvqyAAC",
      "createdByName": "Ashvin Jadhav",
      "createdDate": "2019-12-03T16:06:58.000Z",
      "fileName": "classes/MyContactListController.cls",
      "fullName": "MyContactListController",
      "id": "01p2w000002WBQqAAO",
      "lastModifiedById": "0052w000000NvqyAAC",
      "lastModifiedByName": "Ashvin Jadhav",
      "lastModifiedDate": "2019-12-03T16:07:14.000Z",
      "manageableState": "unmanaged",
      "type": "ApexClass"
    },
    {
      "createdById": "0052w000000NvqyAAC",
      "createdByName": "Ashvin Jadhav",
      "createdDate": "2020-10-06T07:36:56.000Z",
      "fileName": "classes/AccountListControllerLwc.cls",
      "fullName": "AccountListControllerLwc",
      "id": "01p2w00000KtDStAAN",
      "lastModifiedById": "0052w000000NvqyAAC",
      "lastModifiedByName": "Ashvin Jadhav",
      "lastModifiedDate": "2020-10-06T08:27:14.000Z",
      "manageableState": "unmanaged",
      "type": "ApexClass"
    },
    {
      "createdById": "0052w000000NvqyAAC",
      "createdByName": "Ashvin Jadhav",
      "createdDate": "2019-11-29T06:55:20.000Z",
      "fileName": "classes/LightningForgotPasswordControllerTest.cls",
      "fullName": "LightningForgotPasswordControllerTest",
      "id": "01p2w000001CiJ6AAK",
      "lastModifiedById": "0052w000000NvqyAAC",
      "lastModifiedByName": "Ashvin Jadhav",
      "lastModifiedDate": "2019-12-21T17:49:47.000Z",
      "manageableState": "unmanaged",
      "type": "ApexClass"
    },
    {
      "createdById": "0052w000000NvqyAAC",
      "createdByName": "Ashvin Jadhav",
      "createdDate": "2019-11-29T06:55:18.000Z",
      "fileName": "classes/ChangePasswordControllerTest.cls",
      "fullName": "ChangePasswordControllerTest",
      "id": "01p2w000001CiIpAAK",
      "lastModifiedById": "0052w000000NvqyAAC",
      "lastModifiedByName": "Ashvin Jadhav",
      "lastModifiedDate": "2019-12-21T17:49:47.000Z",
      "manageableState": "unmanaged",
      "type": "ApexClass"
    },
    {
      "createdById": "0052w000000NvqyAAC",
      "createdByName": "Ashvin Jadhav",
      "createdDate": "2021-04-12T07:32:30.000Z",
      "fileName": "classes/UpdateAccountwithBatchApex.cls",
      "fullName": "UpdateAccountwithBatchApex",
      "id": "01p2w00000LvFztAAF",
      "lastModifiedById": "0052w000000NvqyAAC",
      "lastModifiedByName": "Ashvin Jadhav",
      "lastModifiedDate": "2021-04-12T07:35:30.000Z",
      "manageableState": "unmanaged",
      "type": "ApexClass"
    },
    {
      "createdById": "0052w000000zRzJAAU",
      "createdByName": "Trailhead Playground",
      "createdDate": "2019-11-29T06:39:13.000Z",
      "fileName": "classes/th_con_app__WelcomeFinder.cls",
      "fullName": "th_con_app__WelcomeFinder",
      "id": "01p2w000001vPKXAA2",
      "lastModifiedById": "0052w000000NvqyAAC",
      "lastModifiedByName": "Ashvin Jadhav",
      "lastModifiedDate": "2019-11-29T06:39:13.000Z",
      "manageableState": "installed",
      "namespacePrefix": "th_con_app",
      "type": "ApexClass"
    },
    {
      "createdById": "0052w000000NvqyAAC",
      "createdByName": "Ashvin Jadhav",
      "createdDate": "2019-11-29T06:55:19.000Z",
      "fileName": "classes/CommunitiesSelfRegConfirmController.cls",
      "fullName": "CommunitiesSelfRegConfirmController",
      "id": "01p2w000001CiJ0AAK",
      "lastModifiedById": "0052w000000NvqyAAC",
      "lastModifiedByName": "Ashvin Jadhav",
      "lastModifiedDate": "2019-12-21T17:49:47.000Z",
      "manageableState": "unmanaged",
      "type": "ApexClass"
    },
    {
      "createdById": "0052w000000NvqyAAC",
      "createdByName": "Ashvin Jadhav",
      "createdDate": "2020-10-12T10:27:13.000Z",
      "fileName": "classes/DreamhouseTests.cls",
      "fullName": "DreamhouseTests",
      "id": "01p2w00000LXMhMAAX",
      "lastModifiedById": "0052w000000NvqyAAC",
      "lastModifiedByName": "Ashvin Jadhav",
      "lastModifiedDate": "2020-10-12T10:27:13.000Z",
      "manageableState": "unmanaged",
      "type": "ApexClass"
    },
    {
      "createdById": "0052w000000NvqyAAC",
      "createdByName": "Ashvin Jadhav",
      "createdDate": "2019-11-29T06:55:18.000Z",
      "fileName": "classes/ForgotPasswordController.cls",
      "fullName": "ForgotPasswordController",
      "id": "01p2w000001CiIqAAK",
      "lastModifiedById": "0052w000000NvqyAAC",
      "lastModifiedByName": "Ashvin Jadhav",
      "lastModifiedDate": "2019-12-21T17:49:47.000Z",
      "manageableState": "unmanaged",
      "type": "ApexClass"
    },
    {
      "createdById": "0052w000000NvqyAAC",
      "createdByName": "Ashvin Jadhav",
      "createdDate": "2019-11-29T06:55:18.000Z",
      "fileName": "classes/ForgotPasswordControllerTest.cls",
      "fullName": "ForgotPasswordControllerTest",
      "id": "01p2w000001CiIrAAK",
      "lastModifiedById": "0052w000000NvqyAAC",
      "lastModifiedByName": "Ashvin Jadhav",
      "lastModifiedDate": "2019-12-21T17:49:47.000Z",
      "manageableState": "unmanaged",
      "type": "ApexClass"
    },
    {
      "createdById": "0052w000000NvqyAAC",
      "createdByName": "Ashvin Jadhav",
      "createdDate": "2020-02-04T10:17:33.000Z",
      "fileName": "classes/TrainingFeedbackHandler.cls",
      "fullName": "TrainingFeedbackHandler",
      "id": "01p2w000006Mss4AAC",
      "lastModifiedById": "0052w000000NvqyAAC",
      "lastModifiedByName": "Ashvin Jadhav",
      "lastModifiedDate": "2020-02-04T10:21:09.000Z",
      "manageableState": "unmanaged",
      "type": "ApexClass"
    },
    {
      "createdById": "0052w000000NvqyAAC",
      "createdByName": "Ashvin Jadhav",
      "createdDate": "2020-08-07T10:43:58.000Z",
      "fileName": "classes/AccountController.cls",
      "fullName": "AccountController",
      "id": "01p2w00000FojalAAB",
      "lastModifiedById": "0052w000000NvqyAAC",
      "lastModifiedByName": "Ashvin Jadhav",
      "lastModifiedDate": "2021-06-16T09:21:43.000Z",
      "manageableState": "unmanaged",
      "type": "ApexClass"
    }
  ]
}
