{
  "status": 0,
  "result": [
    {
      "createdById": "0052w000000NvqyAAC",
      "createdByName": "Ashvin Jadhav",
      "createdDate": "2019-11-29T07:12:47.000Z",
      "fileName": "lwc/createCase",
      "fullName": "createCase",
      "id": "0Rb2w000000Cdw6CAC",
      "lastModifiedById": "0052w000000NvqyAAC",
      "lastModifiedByName": "Ashvin Jadhav",
      "lastModifiedDate": "2019-12-21T17:49:10.000Z",
      "manageableState": "unmanaged",
      "type": "LightningComponentBundle"
    },
    {
      "createdById": "0052w000000NvqyAAC",
      "createdByName": "Ashvin Jadhav",
      "createdDate": "2019-11-29T07:12:47.000Z",
      "fileName": "lwc/hero",
      "fullName": "hero",
      "id": "0Rb2w000000Cdw7CAC",
      "lastModifiedById": "0052w000000NvqyAAC",
      "lastModifiedByName": "Ashvin Jadhav",
      "lastModifiedDate": "2019-12-21T17:49:10.000Z",
      "manageableState": "unmanaged",
      "type": "LightningComponentBundle"
    },
    {
      "createdById": "0052w000000NvqyAAC",
      "createdByName": "Ashvin Jadhav",
      "createdDate": "2021-03-09T11:00:27.000Z",
      "fileName": "lwc/counts",
      "fullName": "counts",
      "id": "0Rb2w000000QoCmCAK",
      "lastModifiedById": "0052w000000NvqyAAC",
      "lastModifiedByName": "Ashvin Jadhav",
      "lastModifiedDate": "2021-03-09T11:00:27.000Z",
      "manageableState": "unmanaged",
      "type": "LightningComponentBundle"
    },
    {
      "createdById": "0052w000000NvqyAAC",
      "createdByName": "Ashvin Jadhav",
      "createdDate": "2020-09-29T05:44:43.000Z",
      "fileName": "lwc/datatableEditing",
      "fullName": "datatableEditing",
      "id": "0Rb2w000000Yct1CAC",
      "lastModifiedById": "0052w000000NvqyAAC",
      "lastModifiedByName": "Ashvin Jadhav",
      "lastModifiedDate": "2020-09-29T05:44:43.000Z",
      "manageableState": "unmanaged",
      "type": "LightningComponentBundle"
    },
    {
      "createdById": "0052w000000NvqyAAC",
      "createdByName": "Ashvin Jadhav",
      "createdDate": "2021-02-17T06:57:41.000Z",
      "fileName": "lwc/numerator",
      "fullName": "numerator",
      "id": "0Rb2w000000Z6HfCAK",
      "lastModifiedById": "0052w000000NvqyAAC",
      "lastModifiedByName": "Ashvin Jadhav",
      "lastModifiedDate": "2021-02-19T10:47:10.000Z",
      "manageableState": "unmanaged",
      "type": "LightningComponentBundle"
    },
    {
      "createdById": "0052w000000NvqyAAC",
      "createdByName": "Ashvin Jadhav",
      "createdDate": "2020-08-07T09:56:18.000Z",
      "fileName": "lwc/contactCreator",
      "fullName": "contactCreator",
      "id": "0Rb2w000000DbanCAC",
      "lastModifiedById": "0052w000000NvqyAAC",
      "lastModifiedByName": "Ashvin Jadhav",
      "lastModifiedDate": "2020-08-11T10:49:44.000Z",
      "manageableState": "unmanaged",
      "type": "LightningComponentBundle"
    },
    {
      "createdById": "0052w000000NvqyAAC",
      "createdByName": "Ashvin Jadhav",
      "createdDate": "2019-12-30T05:35:27.000Z",
      "fileName": "lwc/helloWebComponent",
      "fullName": "helloWebComponent",
      "id": "0Rb2w000000CjmNCAS",
      "lastModifiedById": "0052w000000NvqyAAC",
      "lastModifiedByName": "Ashvin Jadhav",
      "lastModifiedDate": "2020-01-06T07:36:35.000Z",
      "manageableState": "unmanaged",
      "type": "LightningComponentBundle"
    },
    {
      "createdById": "0052w000000NvqyAAC",
      "createdByName": "Ashvin Jadhav",
      "createdDate": "2019-11-29T07:12:47.000Z",
      "fileName": "lwc/heroDetails",
      "fullName": "heroDetails",
      "id": "0Rb2w000000Cdw8CAC",
      "lastModifiedById": "0052w000000NvqyAAC",
      "lastModifiedByName": "Ashvin Jadhav",
      "lastModifiedDate": "2019-12-21T17:49:10.000Z",
      "manageableState": "unmanaged",
      "type": "LightningComponentBundle"
    },
    {
      "createdById": "0052w000000NvqyAAC",
      "createdByName": "Ashvin Jadhav",
      "createdDate": "2019-12-02T10:33:05.000Z",
      "fileName": "lwc/list",
      "fullName": "list",
      "id": "0Rb2w000000CeVyCAK",
      "lastModifiedById": "0052w000000NvqyAAC",
      "lastModifiedByName": "Ashvin Jadhav",
      "lastModifiedDate": "2019-12-21T17:49:10.000Z",
      "manageableState": "unmanaged",
      "type": "LightningComponentBundle"
    },
    {
      "createdById": "0052w000000NvqyAAC",
      "createdByName": "Ashvin Jadhav",
      "createdDate": "2020-10-06T07:07:54.000Z",
      "fileName": "lwc/accountFinder",
      "fullName": "accountFinder",
      "id": "0Rb2w000000Yh1zCAC",
      "lastModifiedById": "0052w000000NvqyAAC",
      "lastModifiedByName": "Ashvin Jadhav",
      "lastModifiedDate": "2020-10-06T08:31:04.000Z",
      "manageableState": "unmanaged",
      "type": "LightningComponentBundle"
    },
    {
      "createdById": "0052w000000NvqyAAC",
      "createdByName": "Ashvin Jadhav",
      "createdDate": "2019-11-29T07:12:47.000Z",
      "fileName": "lwc/productCard",
      "fullName": "productCard",
      "id": "0Rb2w000000CdwFCAS",
      "lastModifiedById": "0052w000000NvqyAAC",
      "lastModifiedByName": "Ashvin Jadhav",
      "lastModifiedDate": "2019-12-21T17:49:10.000Z",
      "manageableState": "unmanaged",
      "type": "LightningComponentBundle"
    },
    {
      "createdById": "0052w000000NvqyAAC",
      "createdByName": "Ashvin Jadhav",
      "createdDate": "2020-08-07T10:43:57.000Z",
      "fileName": "lwc/accountList",
      "fullName": "accountList",
      "id": "0Rb2w000000DbbHCAS",
      "lastModifiedById": "0052w000000NvqyAAC",
      "lastModifiedByName": "Ashvin Jadhav",
      "lastModifiedDate": "2020-10-06T07:11:26.000Z",
      "manageableState": "unmanaged",
      "type": "LightningComponentBundle"
    },
    {
      "createdById": "0052w000000NvqyAAC",
      "createdByName": "Ashvin Jadhav",
      "createdDate": "2019-11-29T07:12:47.000Z",
      "fileName": "lwc/placeholder",
      "fullName": "placeholder",
      "id": "0Rb2w000000CdwECAS",
      "lastModifiedById": "0052w000000NvqyAAC",
      "lastModifiedByName": "Ashvin Jadhav",
      "lastModifiedDate": "2019-12-21T17:49:10.000Z",
      "manageableState": "unmanaged",
      "type": "LightningComponentBundle"
    },
    {
      "createdById": "0052w000000NvqyAAC",
      "createdByName": "Ashvin Jadhav",
      "createdDate": "2021-02-18T07:03:18.000Z",
      "fileName": "lwc/augmentor",
      "fullName": "augmentor",
      "id": "0Rb2w000000Z6KjCAK",
      "lastModifiedById": "0052w000000NvqyAAC",
      "lastModifiedByName": "Ashvin Jadhav",
      "lastModifiedDate": "2021-02-19T10:50:42.000Z",
      "manageableState": "unmanaged",
      "type": "LightningComponentBundle"
    },
    {
      "createdById": "0052w000000NvqyAAC",
      "createdByName": "Ashvin Jadhav",
      "createdDate": "2019-11-29T07:12:47.000Z",
      "fileName": "lwc/accountMap",
      "fullName": "accountMap",
      "id": "0Rb2w000000Cdw4CAC",
      "lastModifiedById": "0052w000000NvqyAAC",
      "lastModifiedByName": "Ashvin Jadhav",
      "lastModifiedDate": "2019-12-21T17:49:10.000Z",
      "manageableState": "unmanaged",
      "type": "LightningComponentBundle"
    },
    {
      "createdById": "0052w000000NvqyAAC",
      "createdByName": "Ashvin Jadhav",
      "createdDate": "2021-02-17T07:04:06.000Z",
      "fileName": "lwc/controls",
      "fullName": "controls",
      "id": "0Rb2w000000Z6HkCAK",
      "lastModifiedById": "0052w000000NvqyAAC",
      "lastModifiedByName": "Ashvin Jadhav",
      "lastModifiedDate": "2021-02-19T10:47:10.000Z",
      "manageableState": "unmanaged",
      "type": "LightningComponentBundle"
    },
    {
      "createdById": "0052w000000NvqyAAC",
      "createdByName": "Ashvin Jadhav",
      "createdDate": "2019-11-29T07:12:47.000Z",
      "fileName": "lwc/productTile",
      "fullName": "productTile",
      "id": "0Rb2w000000CdwICAS",
      "lastModifiedById": "0052w000000NvqyAAC",
      "lastModifiedByName": "Ashvin Jadhav",
      "lastModifiedDate": "2019-12-21T17:49:10.000Z",
      "manageableState": "unmanaged",
      "type": "LightningComponentBundle"
    },
    {
      "createdById": "0052w000000NvqyAAC",
      "createdByName": "Ashvin Jadhav",
      "createdDate": "2020-02-05T12:31:37.000Z",
      "fileName": "lwc/myComponent",
      "fullName": "myComponent",
      "id": "0Rb2w000000CnY5CAK",
      "lastModifiedById": "0052w000000NvqyAAC",
      "lastModifiedByName": "Ashvin Jadhav",
      "lastModifiedDate": "2020-02-05T12:31:37.000Z",
      "manageableState": "unmanaged",
      "type": "LightningComponentBundle"
    },
    {
      "createdById": "0052w000000NvqyAAC",
      "createdByName": "Ashvin Jadhav",
      "createdDate": "2020-08-07T08:09:41.000Z",
      "fileName": "lwc/accountCreator",
      "fullName": "accountCreator",
      "id": "0Rb2w000000DbYTCA0",
      "lastModifiedById": "0052w000000NvqyAAC",
      "lastModifiedByName": "Ashvin Jadhav",
      "lastModifiedDate": "2020-08-11T10:49:44.000Z",
      "manageableState": "unmanaged",
      "type": "LightningComponentBundle"
    },
    {
      "createdById": "0052w000000NvqyAAC",
      "createdByName": "Ashvin Jadhav",
      "createdDate": "2019-11-29T07:12:47.000Z",
      "fileName": "lwc/productTileList",
      "fullName": "productTileList",
      "id": "0Rb2w000000CdwJCAS",
      "lastModifiedById": "0052w000000NvqyAAC",
      "lastModifiedByName": "Ashvin Jadhav",
      "lastModifiedDate": "2019-12-21T17:49:10.000Z",
      "manageableState": "unmanaged",
      "type": "LightningComponentBundle"
    },
    {
      "createdById": "0052w000000NvqyAAC",
      "createdByName": "Ashvin Jadhav",
      "createdDate": "2020-08-07T11:27:23.000Z",
      "fileName": "lwc/contactList",
      "fullName": "contactList",
      "id": "0Rb2w000000DbbWCAS",
      "lastModifiedById": "0052w000000NvqyAAC",
      "lastModifiedByName": "Ashvin Jadhav",
      "lastModifiedDate": "2020-08-11T10:56:59.000Z",
      "manageableState": "unmanaged",
      "type": "LightningComponentBundle"
    },
    {
      "createdById": "0052w000000NvqyAAC",
      "createdByName": "Ashvin Jadhav",
      "createdDate": "2019-11-29T07:51:08.000Z",
      "fileName": "lwc/bikeCard",
      "fullName": "bikeCard",
      "id": "0Rb2w000000CdwdCAC",
      "lastModifiedById": "0052w000000NvqyAAC",
      "lastModifiedByName": "Ashvin Jadhav",
      "lastModifiedDate": "2019-12-21T17:49:10.000Z",
      "manageableState": "unmanaged",
      "type": "LightningComponentBundle"
    },
    {
      "createdById": "0052w000000NvqyAAC",
      "createdByName": "Ashvin Jadhav",
      "createdDate": "2021-03-09T11:00:22.000Z",
      "fileName": "lwc/remoteControl",
      "fullName": "remoteControl",
      "id": "0Rb2w000000QoChCAK",
      "lastModifiedById": "0052w000000NvqyAAC",
      "lastModifiedByName": "Ashvin Jadhav",
      "lastModifiedDate": "2021-03-09T11:00:22.000Z",
      "manageableState": "unmanaged",
      "type": "LightningComponentBundle"
    },
    {
      "createdById": "0052w000000NvqyAAC",
      "createdByName": "Ashvin Jadhav",
      "createdDate": "2019-11-29T07:12:47.000Z",
      "fileName": "lwc/paginator",
      "fullName": "paginator",
      "id": "0Rb2w000000CdwDCAS",
      "lastModifiedById": "0052w000000NvqyAAC",
      "lastModifiedByName": "Ashvin Jadhav",
      "lastModifiedDate": "2019-12-21T17:49:10.000Z",
      "manageableState": "unmanaged",
      "type": "LightningComponentBundle"
    },
    {
      "createdById": "0052w000000NvqyAAC",
      "createdByName": "Ashvin Jadhav",
      "createdDate": "2019-12-21T17:49:10.000Z",
      "fileName": "lwc/enterName",
      "fullName": "enterName",
      "id": "0Rb2w000000CivHCAS",
      "lastModifiedById": "0052w000000NvqyAAC",
      "lastModifiedByName": "Ashvin Jadhav",
      "lastModifiedDate": "2019-12-21T17:49:10.000Z",
      "manageableState": "unmanaged",
      "type": "LightningComponentBundle"
    },
    {
      "createdById": "0052w000000NvqyAAC",
      "createdByName": "Ashvin Jadhav",
      "createdDate": "2019-12-30T06:06:36.000Z",
      "fileName": "lwc/bearLocation",
      "fullName": "bearLocation",
      "id": "0Rb2w000000CjmhCAC",
      "lastModifiedById": "0052w000000NvqyAAC",
      "lastModifiedByName": "Ashvin Jadhav",
      "lastModifiedDate": "2020-01-06T07:36:35.000Z",
      "manageableState": "unmanaged",
      "type": "LightningComponentBundle"
    },
    {
      "createdById": "0052w000000NvqyAAC",
      "createdByName": "Ashvin Jadhav",
      "createdDate": "2019-11-29T07:12:47.000Z",
      "fileName": "lwc/pubsub",
      "fullName": "pubsub",
      "id": "0Rb2w000000CdwKCAS",
      "lastModifiedById": "0052w000000NvqyAAC",
      "lastModifiedByName": "Ashvin Jadhav",
      "lastModifiedDate": "2020-01-06T07:36:35.000Z",
      "manageableState": "unmanaged",
      "type": "LightningComponentBundle"
    },
    {
      "createdById": "0052w000000NvqyAAC",
      "createdByName": "Ashvin Jadhav",
      "createdDate": "2020-09-28T06:16:41.000Z",
      "fileName": "lwc/editRecord",
      "fullName": "editRecord",
      "id": "0Rb2w000000Yc42CAC",
      "lastModifiedById": "0052w000000NvqyAAC",
      "lastModifiedByName": "Ashvin Jadhav",
      "lastModifiedDate": "2020-09-28T09:02:12.000Z",
      "manageableState": "unmanaged",
      "type": "LightningComponentBundle"
    },
    {
      "createdById": "0052w000000NvqyAAC",
      "createdByName": "Ashvin Jadhav",
      "createdDate": "2019-11-29T07:12:47.000Z",
      "fileName": "lwc/productFilter",
      "fullName": "productFilter",
      "id": "0Rb2w000000CdwGCAS",
      "lastModifiedById": "0052w000000NvqyAAC",
      "lastModifiedByName": "Ashvin Jadhav",
      "lastModifiedDate": "2019-12-21T17:49:10.000Z",
      "manageableState": "unmanaged",
      "type": "LightningComponentBundle"
    },
    {
      "createdById": "0052w000000NvqyAAC",
      "createdByName": "Ashvin Jadhav",
      "createdDate": "2019-11-29T07:12:47.000Z",
      "fileName": "lwc/bikeCustomizerButtonBar",
      "fullName": "bikeCustomizerButtonBar",
      "id": "0Rb2w000000Cdw5CAC",
      "lastModifiedById": "0052w000000NvqyAAC",
      "lastModifiedByName": "Ashvin Jadhav",
      "lastModifiedDate": "2019-12-21T17:49:10.000Z",
      "manageableState": "unmanaged",
      "type": "LightningComponentBundle"
    },
    {
      "createdById": "0052w000000NvqyAAC",
      "createdByName": "Ashvin Jadhav",
      "createdDate": "2019-11-29T07:12:47.000Z",
      "fileName": "lwc/productListItem",
      "fullName": "productListItem",
      "id": "0Rb2w000000CdwHCAS",
      "lastModifiedById": "0052w000000NvqyAAC",
      "lastModifiedByName": "Ashvin Jadhav",
      "lastModifiedDate": "2019-12-21T17:49:10.000Z",
      "manageableState": "unmanaged",
      "type": "LightningComponentBundle"
    },
    {
      "createdById": "0052w000000NvqyAAC",
      "createdByName": "Ashvin Jadhav",
      "createdDate": "2019-12-30T09:22:20.000Z",
      "fileName": "lwc/bearTile",
      "fullName": "bearTile",
      "id": "0Rb2w000000Cjo9CAC",
      "lastModifiedById": "0052w000000NvqyAAC",
      "lastModifiedByName": "Ashvin Jadhav",
      "lastModifiedDate": "2020-01-06T07:36:35.000Z",
      "manageableState": "unmanaged",
      "type": "LightningComponentBundle"
    },
    {
      "createdById": "0052w000000NvqyAAC",
      "createdByName": "Ashvin Jadhav",
      "createdDate": "2020-09-28T05:15:58.000Z",
      "fileName": "lwc/getRecord",
      "fullName": "getRecord",
      "id": "0Rb2w000000Yc2JCAS",
      "lastModifiedById": "0052w000000NvqyAAC",
      "lastModifiedByName": "Ashvin Jadhav",
      "lastModifiedDate": "2020-09-28T06:00:20.000Z",
      "manageableState": "unmanaged",
      "type": "LightningComponentBundle"
    },
    {
      "createdById": "0052w000000NvqyAAC",
      "createdByName": "Ashvin Jadhav",
      "createdDate": "2021-08-25T06:22:47.000Z",
      "fileName": "lwc/searchComponent",
      "fullName": "searchComponent",
      "id": "0Rb2w000000UhOICA0",
      "lastModifiedById": "0052w000000NvqyAAC",
      "lastModifiedByName": "Ashvin Jadhav",
      "lastModifiedDate": "2021-09-28T05:41:32.000Z",
      "manageableState": "unmanaged",
      "type": "LightningComponentBundle"
    },
    {
      "createdById": "0052w000000NvqyAAC",
      "createdByName": "Ashvin Jadhav",
      "createdDate": "2019-11-29T07:12:47.000Z",
      "fileName": "lwc/inlineMessage",
      "fullName": "inlineMessage",
      "id": "0Rb2w000000Cdw9CAC",
      "lastModifiedById": "0052w000000NvqyAAC",
      "lastModifiedByName": "Ashvin Jadhav",
      "lastModifiedDate": "2019-12-21T17:49:10.000Z",
      "manageableState": "unmanaged",
      "type": "LightningComponentBundle"
    },
    {
      "createdById": "0052w000000NvqyAAC",
      "createdByName": "Ashvin Jadhav",
      "createdDate": "2019-11-29T07:12:47.000Z",
      "fileName": "lwc/orderItemTile",
      "fullName": "orderItemTile",
      "id": "0Rb2w000000CdwCCAS",
      "lastModifiedById": "0052w000000NvqyAAC",
      "lastModifiedByName": "Ashvin Jadhav",
      "lastModifiedDate": "2019-12-21T17:49:10.000Z",
      "manageableState": "unmanaged",
      "type": "LightningComponentBundle"
    },
    {
      "createdById": "0052w000000NvqyAAC",
      "createdByName": "Ashvin Jadhav",
      "createdDate": "2019-12-30T07:04:26.000Z",
      "fileName": "lwc/bearList",
      "fullName": "bearList",
      "id": "0Rb2w000000CjnQCAS",
      "lastModifiedById": "0052w000000NvqyAAC",
      "lastModifiedByName": "Ashvin Jadhav",
      "lastModifiedDate": "2020-01-06T07:36:35.000Z",
      "manageableState": "unmanaged",
      "type": "LightningComponentBundle"
    },
    {
      "createdById": "0052w000000NvqyAAC",
      "createdByName": "Ashvin Jadhav",
      "createdDate": "2019-12-21T17:44:51.000Z",
      "fileName": "lwc/viewForm",
      "fullName": "viewForm",
      "id": "0Rb2w000000CivCCAS",
      "lastModifiedById": "0052w000000NvqyAAC",
      "lastModifiedByName": "Ashvin Jadhav",
      "lastModifiedDate": "2019-12-23T10:44:45.000Z",
      "manageableState": "unmanaged",
      "type": "LightningComponentBundle"
    },
    {
      "createdById": "0052w000000NvqyAAC",
      "createdByName": "Ashvin Jadhav",
      "createdDate": "2021-07-09T11:42:10.000Z",
      "fileName": "lwc/objectPicker",
      "fullName": "objectPicker",
      "id": "0Rb2w000000QrSwCAK",
      "lastModifiedById": "0052w000000NvqyAAC",
      "lastModifiedByName": "Ashvin Jadhav",
      "lastModifiedDate": "2021-08-16T09:14:52.000Z",
      "manageableState": "unmanaged",
      "type": "LightningComponentBundle"
    },
    {
      "createdById": "0052w000000NvqyAAC",
      "createdByName": "Ashvin Jadhav",
      "createdDate": "2019-12-02T10:29:23.000Z",
      "fileName": "lwc/detail",
      "fullName": "detail",
      "id": "0Rb2w000000CeVPCA0",
      "lastModifiedById": "0052w000000NvqyAAC",
      "lastModifiedByName": "Ashvin Jadhav",
      "lastModifiedDate": "2019-12-21T17:49:10.000Z",
      "manageableState": "unmanaged",
      "type": "LightningComponentBundle"
    },
    {
      "createdById": "0052w000000NvqyAAC",
      "createdByName": "Ashvin Jadhav",
      "createdDate": "2021-02-18T06:53:44.000Z",
      "fileName": "lwc/button",
      "fullName": "button",
      "id": "0Rb2w000000Z6KeCAK",
      "lastModifiedById": "0052w000000NvqyAAC",
      "lastModifiedByName": "Ashvin Jadhav",
      "lastModifiedDate": "2021-02-19T10:47:10.000Z",
      "manageableState": "unmanaged",
      "type": "LightningComponentBundle"
    },
    {
      "createdById": "0052w000000NvqyAAC",
      "createdByName": "Ashvin Jadhav",
      "createdDate": "2019-12-02T10:32:47.000Z",
      "fileName": "lwc/tile",
      "fullName": "tile",
      "id": "0Rb2w000000CeVtCAK",
      "lastModifiedById": "0052w000000NvqyAAC",
      "lastModifiedByName": "Ashvin Jadhav",
      "lastModifiedDate": "2019-12-21T17:49:10.000Z",
      "manageableState": "unmanaged",
      "type": "LightningComponentBundle"
    },
    {
      "createdById": "0052w000000NvqyAAC",
      "createdByName": "Ashvin Jadhav",
      "createdDate": "2019-11-29T07:12:47.000Z",
      "fileName": "lwc/orderBuilder",
      "fullName": "orderBuilder",
      "id": "0Rb2w000000CdwBCAS",
      "lastModifiedById": "0052w000000NvqyAAC",
      "lastModifiedByName": "Ashvin Jadhav",
      "lastModifiedDate": "2019-12-21T17:49:10.000Z",
      "manageableState": "unmanaged",
      "type": "LightningComponentBundle"
    },
    {
      "createdById": "0052w000000NvqyAAC",
      "createdByName": "Ashvin Jadhav",
      "createdDate": "2019-11-29T07:12:47.000Z",
      "fileName": "lwc/similarProducts",
      "fullName": "similarProducts",
      "id": "0Rb2w000000CdwLCAS",
      "lastModifiedById": "0052w000000NvqyAAC",
      "lastModifiedByName": "Ashvin Jadhav",
      "lastModifiedDate": "2019-12-21T17:49:10.000Z",
      "manageableState": "unmanaged",
      "type": "LightningComponentBundle"
    },
    {
      "createdById": "0052w000000NvqyAAC",
      "createdByName": "Ashvin Jadhav",
      "createdDate": "2019-12-02T10:29:02.000Z",
      "fileName": "lwc/data",
      "fullName": "data",
      "id": "0Rb2w000000CeVKCA0",
      "lastModifiedById": "0052w000000NvqyAAC",
      "lastModifiedByName": "Ashvin Jadhav",
      "lastModifiedDate": "2019-12-21T17:49:10.000Z",
      "manageableState": "unmanaged",
      "type": "LightningComponentBundle"
    },
    {
      "createdById": "0052w000000NvqyAAC",
      "createdByName": "Ashvin Jadhav",
      "createdDate": "2019-12-30T06:54:35.000Z",
      "fileName": "lwc/bearSupervisor",
      "fullName": "bearSupervisor",
      "id": "0Rb2w000000CjnLCAS",
      "lastModifiedById": "0052w000000NvqyAAC",
      "lastModifiedByName": "Ashvin Jadhav",
      "lastModifiedDate": "2020-01-06T07:36:35.000Z",
      "manageableState": "unmanaged",
      "type": "LightningComponentBundle"
    },
    {
      "createdById": "0052w000000NvqyAAC",
      "createdByName": "Ashvin Jadhav",
      "createdDate": "2021-08-25T06:40:11.000Z",
      "fileName": "lwc/callingComponent",
      "fullName": "callingComponent",
      "id": "0Rb2w000000UhONCA0",
      "lastModifiedById": "0052w000000NvqyAAC",
      "lastModifiedByName": "Ashvin Jadhav",
      "lastModifiedDate": "2021-09-28T06:53:58.000Z",
      "manageableState": "unmanaged",
      "type": "LightningComponentBundle"
    },
    {
      "createdById": "0052w000000NvqyAAC",
      "createdByName": "Ashvin Jadhav",
      "createdDate": "2019-12-02T10:33:31.000Z",
      "fileName": "lwc/selector",
      "fullName": "selector",
      "id": "0Rb2w000000CeW3CAK",
      "lastModifiedById": "0052w000000NvqyAAC",
      "lastModifiedByName": "Ashvin Jadhav",
      "lastModifiedDate": "2019-12-21T17:49:10.000Z",
      "manageableState": "unmanaged",
      "type": "LightningComponentBundle"
    },
    {
      "createdById": "0052w000000NvqyAAC",
      "createdByName": "Ashvin Jadhav",
      "createdDate": "2019-11-29T07:12:47.000Z",
      "fileName": "lwc/ldsUtils",
      "fullName": "ldsUtils",
      "id": "0Rb2w000000CdwACAS",
      "lastModifiedById": "0052w000000NvqyAAC",
      "lastModifiedByName": "Ashvin Jadhav",
      "lastModifiedDate": "2020-08-11T10:49:44.000Z",
      "manageableState": "unmanaged",
      "type": "LightningComponentBundle"
    },
    {
      "createdById": "0052w000000NvqyAAC",
      "createdByName": "Ashvin Jadhav",
      "createdDate": "2020-01-06T07:34:18.000Z",
      "fileName": "lwc/bearMap",
      "fullName": "bearMap",
      "id": "0Rb2w000000CkshCAC",
      "lastModifiedById": "0052w000000NvqyAAC",
      "lastModifiedByName": "Ashvin Jadhav",
      "lastModifiedDate": "2020-01-06T07:36:35.000Z",
      "manageableState": "unmanaged",
      "type": "LightningComponentBundle"
    }
  ]
}
