[{"_allAttributes":null,"_properties":null,"_methods":null,"file":"d:/Infogen/Personal/VS/Search Component/SearchComponentTest/force-app/main/default/lwc/callingComponent/callingComponent.js","metadata":{"decorators":[],"declarationLoc":{"start":{"line":3,"column":0},"end":{"line":16,"column":1}},"classMembers":[{"type":"property","name":"AccFields","loc":{"start":{"line":5,"column":4},"end":{"line":5,"column":41}}},{"type":"property","name":"AccDisplayFields","loc":{"start":{"line":6,"column":4},"end":{"line":6,"column":44}}},{"type":"property","name":"ObjectConfig","loc":{"start":{"line":7,"column":4},"end":{"line":8,"column":222}}},{"type":"method","name":"handleAccountChange","loc":{"start":{"line":9,"column":4},"end":{"line":11,"column":5}}},{"type":"method","name":"handlesearchInputChange","loc":{"start":{"line":13,"column":4},"end":{"line":15,"column":5}}}],"exports":[{"type":"ExportDefaultDeclaration"}]},"updatedAt":"2021-09-28T06:54:13.576Z"},{"_allAttributes":null,"_properties":null,"_methods":null,"file":"d:/Infogen/Personal/VS/Search Component/SearchComponentTest/force-app/main/default/lwc/searchComponent/searchComponent.js","metadata":{"decorators":[{"type":"api","targets":[{"type":"property","name":"valueId","value":{"type":"unresolved"}},{"type":"property","name":"valueName","value":{"type":"unresolved"}},{"type":"property","name":"objectconfig","value":{"type":"array","value":[{"type":"object","value":{"undefined":{"type":"string","value":"standard:account"}}},{"type":"object","value":{"undefined":{"type":"string","value":"RecordType.DeveloperName = 'Investor'"}}}]}},{"type":"property","name":"objName","value":{"type":"string","value":"Account"}},{"type":"property","name":"iconName","value":{"type":"string","value":"standard:account"}},{"type":"property","name":"labelNameList","value":{"type":"unresolved"}},{"type":"property","name":"labelName","value":{"type":"unresolved"}},{"type":"property","name":"readOnly","value":{"type":"boolean","value":false}},{"type":"property","name":"currentRecordId","value":{"type":"unresolved"}},{"type":"property","name":"placeholder","value":{"type":"string","value":"Search"}},{"type":"property","name":"createRecord","value":{"type":"unresolved"}},{"type":"property","name":"fields","value":{"type":"array","value":[{"type":"string","value":"Name"}]}},{"type":"property","name":"displayFields","value":{"type":"string","value":"Name, Rating, AccountNumber"}},{"type":"method","name":"handleClose"}]},{"type":"track","targets":[{"name":"error","type":"property"}]}],"declarationLoc":{"start":{"line":6,"column":0},"end":{"line":163,"column":1}},"classMembers":[{"type":"property","name":"valueId","loc":{"start":{"line":8,"column":4},"end":{"line":8,"column":17}},"decorator":"api","value":{"type":"unresolved"}},{"type":"property","name":"valueName","loc":{"start":{"line":9,"column":4},"end":{"line":9,"column":19}},"decorator":"api","value":{"type":"unresolved"}},{"type":"property","name":"objectconfig","loc":{"start":{"line":10,"column":4},"end":{"line":12,"column":92}},"decorator":"api","value":{"type":"array","value":[{"type":"object","value":{"undefined":{"type":"string","value":"standard:account"}}},{"type":"object","value":{"undefined":{"type":"string","value":"RecordType.DeveloperName = 'Investor'"}}}]}},{"type":"property","name":"objName","loc":{"start":{"line":13,"column":4},"end":{"line":13,"column":29}},"decorator":"api","value":{"type":"string","value":"Account"}},{"type":"property","name":"iconName","loc":{"start":{"line":14,"column":4},"end":{"line":14,"column":39}},"decorator":"api","value":{"type":"string","value":"standard:account"}},{"type":"property","name":"labelNameList","loc":{"start":{"line":15,"column":4},"end":{"line":15,"column":24}},"decorator":"api","value":{"type":"unresolved"}},{"type":"property","name":"labelName","loc":{"start":{"line":16,"column":4},"end":{"line":16,"column":19}},"decorator":"api","value":{"type":"unresolved"}},{"type":"property","name":"readOnly","loc":{"start":{"line":17,"column":4},"end":{"line":17,"column":26}},"decorator":"api","value":{"type":"boolean","value":false}},{"type":"property","name":"currentRecordId","loc":{"start":{"line":18,"column":4},"end":{"line":18,"column":25}},"decorator":"api","value":{"type":"unresolved"}},{"type":"property","name":"placeholder","loc":{"start":{"line":19,"column":4},"end":{"line":19,"column":32}},"decorator":"api","value":{"type":"string","value":"Search"}},{"type":"property","name":"createRecord","loc":{"start":{"line":20,"column":4},"end":{"line":20,"column":22}},"decorator":"api","value":{"type":"unresolved"}},{"type":"property","name":"fields","loc":{"start":{"line":21,"column":4},"end":{"line":21,"column":27}},"decorator":"api","value":{"type":"array","value":[{"type":"string","value":"Name"}]}},{"type":"property","name":"displayFields","loc":{"start":{"line":22,"column":4},"end":{"line":22,"column":55}},"decorator":"api","value":{"type":"string","value":"Name, Rating, AccountNumber"}},{"type":"property","name":"error","loc":{"start":{"line":24,"column":4},"end":{"line":24,"column":17}},"decorator":"track"},{"type":"property","name":"searchTerm","loc":{"start":{"line":26,"column":4},"end":{"line":26,"column":15}}},{"type":"property","name":"delayTimeout","loc":{"start":{"line":27,"column":4},"end":{"line":27,"column":17}}},{"type":"property","name":"searchRecords","loc":{"start":{"line":29,"column":4},"end":{"line":29,"column":19}}},{"type":"property","name":"selectedRecord","loc":{"start":{"line":30,"column":4},"end":{"line":30,"column":19}}},{"type":"property","name":"objectLabel","loc":{"start":{"line":31,"column":4},"end":{"line":31,"column":16}}},{"type":"property","name":"isLoading","loc":{"start":{"line":32,"column":4},"end":{"line":32,"column":22}}},{"type":"property","name":"field","loc":{"start":{"line":34,"column":4},"end":{"line":34,"column":10}}},{"type":"property","name":"field1","loc":{"start":{"line":35,"column":4},"end":{"line":35,"column":11}}},{"type":"property","name":"field2","loc":{"start":{"line":36,"column":4},"end":{"line":36,"column":11}}},{"type":"property","name":"fieldList","loc":{"start":{"line":37,"column":4},"end":{"line":37,"column":19}}},{"type":"property","name":"ICON_URL","loc":{"start":{"line":38,"column":4},"end":{"line":38,"column":84}}},{"type":"property","name":"boxClass","loc":{"start":{"line":39,"column":4},"end":{"line":39,"column":96}}},{"type":"property","name":"inputClass","loc":{"start":{"line":40,"column":4},"end":{"line":40,"column":20}}},{"type":"method","name":"connectedCallback","loc":{"start":{"line":41,"column":4},"end":{"line":43,"column":5}}},{"type":"method","name":"handleInputChange","loc":{"start":{"line":45,"column":4},"end":{"line":92,"column":5}}},{"type":"method","name":"handleSelect","loc":{"start":{"line":94,"column":4},"end":{"line":117,"column":5}}},{"type":"method","name":"handleClick","loc":{"start":{"line":119,"column":4},"end":{"line":123,"column":5}}},{"type":"method","name":"onBlur","loc":{"start":{"line":125,"column":4},"end":{"line":127,"column":5}}},{"type":"method","name":"handleRemovePill","loc":{"start":{"line":129,"column":4},"end":{"line":134,"column":5}}},{"type":"method","name":"handleClose","loc":{"start":{"line":137,"column":4},"end":{"line":154,"column":5}},"decorator":"api"},{"type":"method","name":"titleCase","loc":{"start":{"line":156,"column":4},"end":{"line":162,"column":5}}}],"exports":[{"type":"ExportDefaultDeclaration"}]},"updatedAt":"2021-09-28T05:41:41.765Z"}]